Job Title,Company,Location
Sales Representative,We Work Remotely,Latin America Only
Remote Sales Development Representative (SDR),NoGigiddy,Anywhere in the World
WP All Import: SEO Strategist & Writer,WP All Import,Anywhere in the World
Head of Marketing / Crypto,Koinly,Europe Only
Full Stack Developer Bootcamp - Job Guaranteed ðŸš€,Metana,Remote
Sales Engineer for Open Source Software Team,OpenCraft,Anywhere in the World
Remote Inside Sales,Report Owl LLC,Anywhere in the World
Remote Sales Chat Representative,UsedConex.com,USA Only
Outbound Sales Development Rep.,QuickMail,Americas Only/Europe Only
Social Media Video Content Creator,Canonical,EMEA Only
"Account Strategist, Mid-Market Sales, Google Customer Solutions (Italian, English)",Google,Europe Only
Senior Product Marketing Manager,Microsoft,USA Only
Social Media Manager,Tiller,Anywhere in the World
SEO Specialist,Toggl,Anywhere in the World
Partnerships and Affiliates Manager,Toggl,Anywhere in the World
Account Executive - B2B Sales,hampr,Anywhere in the World
Entry-Level Sales Representative - Remote Opportunity for U.S. Credit Repair Market,Credit Clerk,Latin America Only
Collection Specialist,Clipboard Health,Anywhere in the World
Global Sales Analytics Lead,Meta,USA Only
IFRS Accountant with Multiple Jurisdiction Experience,Flag Theory,Anywhere in the World
Marketing Automation SaaS + Services Line of Business Owner,New Law Business Model,Anywhere in the World
Social Media Expert,Crisis Control Solutions LLC,USA Only
Business Analyst,Elite Software Automation,Anywhere in the World
Customer Support Team Leader,Clipboard Health,Anywhere in the World
Customer Support Specialist (LATAM),Loop Support,Latin America Only
Customer Support Specialist,Clipboard Health,Anywhere in the World
"Chat Support Agent (Remote) - Entry Level, No Degree Required - 15 - 18 per Hour",NoGigiddy,Anywhere in the World
Remote Customer Service Rep Up to 19/hour - No Degree Needed,NoGigiddy,Anywhere in the World
Associate CX Specialist,Calm,USA Only
Technical Support Agent enjoying solving problems,QuickMail,Americas Only/Europe Only/Asia Only
Freelancer (m/w/d) im Inbound Kundenservice - EU only - 100% Home Office,hey contact heroes GmbH,Anywhere in the World
German Customer Support Specialist,HubSpot,Europe Only
Junior Customer Support Specialist (Remote),Kreativstorm,Anywhere in the World
"Customer Support Specialist (LATAM, US experience encouraged)",Loop Support,Latin America Only
Customer Support Manager,Komoot,Europe Only
AI Engineering Lead,Starbridge AI,Anywhere in the World
"Data Engineer, Analytics (Technical Leadership)",Meta,USA Only
"Software Engineer, Test & Privacy",Meta,USA Only
Senior iOS Engineer,Primer,Anywhere in the World
"Manager, Mandiant Proactive Services, Google Cloud",Google,Canada Only
Senior Backend Engineer,Toggl,Americas Only/EMEA Only
Sr. Manager â€“ Production Planning,Microsoft,USA Only
Site Reliability Engineer,Sticker Mule,Anywhere in the World
"Staff Data Scientist, Infrastructure",Pinterest,USA Only
"Software Engineer (L5), Content Engineering",Netflix,USA Only
Senior Backend Engineer (C# / Azure) Remote US Only,Stratus,USA Only
"Senior GO Developer (DIstributed System, blockchain)",Swarm Foundation,Anywhere in the World
Operations Coordinator,We Work Remotely,Latin America Only
Online English Teacher,Native Camp,Anywhere in the World
Freelance Content writer/Copywriter,Livingston Research,Anywhere in the World
Freelance Writer to Simplify Legalese,Legalcom Group,Anywhere in the World
"Graphics Software Engineer, Rendering - Reality Labs",Meta,USA Only
Freelance Writer,ProWriterSites,Anywhere in the World
HR Business Partner,NVIDIA,Asia Only
Senior Account Manager â€“ Automotive Industry,NVIDIA,Asia Only
Senior Automation QA Engineer,Lemon.io,Latin America Only/Canada Only
Recruiter,OnTheGoSystems,Europe Only
Project Manager,"VEXXHOST, Inc.",Anywhere in the World
Senior Next.js Developer,Proxify AB,Latin America Only/Europe Only/EMEA Only
Senior Magento Developer,Proxify AB,Latin America Only/Europe Only/EMEA Only
Senior Unreal Engine Developer,Proxify AB,Latin America Only/Europe Only/EMEA Only
Senior Data Engineer,Proxify AB,Latin America Only/Europe Only/EMEA Only
Senior React Native Developer,Proxify AB,Latin America Only/Europe Only/EMEA Only
Senior Data Scientist,Proxify AB,Latin America Only/Europe Only/EMEA Only
Senior BI Specialist,Proxify AB,Latin America Only/Europe Only/EMEA Only
Senior Business Intelligence Engineer,Proxify AB,Latin America Only/Europe Only/EMEA Only
Partnerships Specialist,OnTheGoSystems,Europe Only
Revenue Growth Lead,Toggl,Anywhere in the World
Senior Product Marketing Manager â€” Toggl Work,Toggl,Europe Only
Student Representatives,EDUopinions,Anywhere in the World
AI Content Evaluator,Best Writers Cafe,USA Only/UK Only/Canada Only
Media Buyer | (Assistant) Campaign Manager,Z3 Media,Europe Only/Asia Only/Africa Only/Oceania Only
Head of Product Design,Close,USA Only
Product Design Intern,GitHub,USA Only
Visual Designer,Microsoft,Latin America Only
Course Editor (UI/UX Design),IxDF - Interaction Design Foundation,Anywhere in the World
Front end Manager,Soar Financials,Anywhere in the World
UI/UX Designer,Files.com,North America Only
Entry Level Sales Agent - Chat Only - Side Hustle,Used Conex LLC,USA Only
Entry Level UX Design Internship,Ideate Labs,Anywhere in the World
Entry Level UX Design Apprenticeship,Ideate Labs,Anywhere in the World
Web3 Blockchain Developer (Node.js),VCRED,Anywhere in the World
Senior Blockchain Developers - Smart contract and Web3 experts,Playmate,Anywhere in the World
Full Stack Perl Developer - Join A Small Team Building Big Things,ClickMagick,Americas Only
Full-Stack Wordpress Developer,BBE Marketing Inc,Anywhere in the World
Senior Engineer,Revenue Vessel,Americas Only/Europe Only
"Product Manager, Global Workforce Solutions",Meta,USA Only
Full Remote:Bio&Pathology Field Senior Full Stuck Developer,LifeAnalytics,Anywhere in the World
Senior React.js & Python Developer,Lemon.io,Latin America Only/Europe Only/Canada Only/Asia Only/Oceania Only
Full Stack Developer,We Work Remotely,Latin America Only
Senior Shopify Developer (Remote + Flexible),Storetasker,Anywhere in the World
Product Engineer,Much Better Adventures,Europe Only/UK Only
Full Stack Ruby Engineer,OpenPlay,USA Only
Humble Hacker Wanted: Remote Developer & AI Enthusiast for Scraping and Automation,Biodenix Inc,Anywhere in the World
Senior Full Stack Engineer,Localize,USA Only
Senior Product Manager,Toggl,Anywhere in the World
"UX Researcher, Qualitative",Meta,USA Only
Product Analyst,Wordwall,Anywhere in the World
Senior Independent Product Manager/Product Designer ($90-$170/hr),A.Team,Anywhere in the World
Senior DevOps Engineer (Azure),Proxify AB,Latin America Only/Europe Only/EMEA Only
Senior DevOps Engineer (AWS),Proxify AB,Latin America Only/Europe Only/EMEA Only
Senior Frontend Developer,SimplyAnalytics,Americas Only
